{"cameraMode":{"drawMode":0,"name":"Shaded","section":"Shading Mode"},"sceneLighting":false,"audioPlay":false,"sceneViewState":{"showFog":true,"showMaterialUpdate":false,"showSkybox":false,"showFlares":true,"showImageEffects":true,"showParticleSystems":true},"in2DMode":false,"pivot":{"x":-0.00016859173774719238,"y":-2.3957719802856447,"z":-3.2882637977600099},"rotation":{"x":0.6046674847602844,"y":-0.03331264853477478,"z":0.027119453996419908,"w":0.7958182096481323},"size":4.9746623039245609,"orthographic":false}