{"cameraMode":{"drawMode":0,"name":"Shaded","section":"Shading Mode"},"sceneLighting":false,"audioPlay":false,"sceneViewState":{"showFog":true,"showMaterialUpdate":false,"showSkybox":false,"showFlares":true,"showImageEffects":true,"showParticleSystems":true},"in2DMode":false,"pivot":{"x":-0.015985488891601564,"y":0.7246440649032593,"z":-3.00825834274292},"rotation":{"x":-0.1316158026456833,"y":-0.008330259472131729,"z":0.001132019329816103,"w":-0.9912853837013245},"size":3.812167167663574,"orthographic":false}