{"cameraMode":{"drawMode":0,"name":"Shaded","section":"Shading Mode"},"sceneLighting":false,"audioPlay":false,"sceneViewState":{"showFog":true,"showMaterialUpdate":false,"showSkybox":false,"showFlares":true,"showImageEffects":true,"showParticleSystems":true},"in2DMode":false,"pivot":{"x":3.0366363525390627,"y":2.1234383583068849,"z":4.554217338562012},"rotation":{"x":0.10100740939378739,"y":-0.8336469531059265,"z":0.164727583527565,"w":0.5178989171981812},"size":70.06031036376953,"orthographic":false}