{"cameraMode":{"drawMode":0,"name":"Shaded","section":"Shading Mode"},"sceneLighting":false,"audioPlay":false,"sceneViewState":{"showFog":true,"showMaterialUpdate":false,"showSkybox":false,"showFlares":true,"showImageEffects":true,"showParticleSystems":true},"in2DMode":false,"pivot":{"x":-7.871645450592041,"y":-8.92587661743164,"z":-4.457664489746094},"rotation":{"x":0.46872836351394656,"y":-0.29560333490371706,"z":0.17004171013832093,"w":0.8148701786994934},"size":17.247167587280275,"orthographic":false}