{"cameraMode":{"drawMode":0,"name":"Shaded","section":"Shading Mode"},"sceneLighting":false,"audioPlay":false,"sceneViewState":{"showFog":true,"showMaterialUpdate":false,"showSkybox":false,"showFlares":true,"showImageEffects":true,"showParticleSystems":true},"in2DMode":false,"pivot":{"x":0.015985488891601564,"y":0.7246441841125488,"z":-0.0717415064573288},"rotation":{"x":0.007851161994040013,"y":-0.9921267628669739,"z":-0.08472456783056259,"w":-0.09192774444818497},"size":3.812166452407837,"orthographic":false}